
{
  "header": {
    "event": "Allocation failed - JavaScript heap out of memory",
    "trigger": "FatalError",
    "filename": "report.20200124.161259.144.0.001.json",
    "dumpEventTime": "2020-01-24T16:12:59Z",
    "dumpEventTimeStamp": "1579900379483",
    "processId": 144,
    "cwd": "/mnt/c/Users/CRG User Master/Sites/crg_2019/wp-content/themes/CRG_2019",
    "commandLine": [
      "node",
      "/mnt/c/Users/CRG User Master/Sites/crg_2019/wp-content/themes/CRG_2019/node_modules/.bin/gulp"
    ],
    "nodejsVersion": "v11.15.0",
    "glibcVersionRuntime": "2.27",
    "glibcVersionCompiler": "2.12",
    "wordSize": 64,
    "arch": "x64",
    "platform": "linux",
    "componentVersions": {
      "node": "11.15.0",
      "v8": "7.0.276.38-node.19",
      "uv": "1.27.0",
      "zlib": "1.2.11",
      "brotli": "1.0.7",
      "ares": "1.15.0",
      "modules": "67",
      "nghttp2": "1.37.0",
      "napi": "4",
      "llhttp": "1.1.1",
      "http_parser": "2.8.0",
      "openssl": "1.1.1b",
      "cldr": "34.0",
      "icu": "63.1",
      "tz": "2018e",
      "unicode": "11.0"
    },
    "release": {
      "name": "node",
      "headersUrl": "https://nodejs.org/download/release/v11.15.0/node-v11.15.0-headers.tar.gz",
      "sourceUrl": "https://nodejs.org/download/release/v11.15.0/node-v11.15.0.tar.gz"
    },
    "osName": "Linux",
    "osRelease": "4.4.0-18362-Microsoft",
    "osVersion": "#476-Microsoft Fri Nov 01 16:53:00 PST 2019",
    "osMachine": "x86_64",
    "host": "CRG-XPS-2"
  },
  "javascriptStack": {
    "message": "No stack.",
    "stack": [
      "Unavailable."
    ]
  },
  "nativeStack": [
    {
      "pc": "0x0000000000a702fd",
      "symbol": "report::TriggerNodeReport(v8::Isolate*, node::Environment*, char const*, char const*, std::string const&, v8::Local<v8::String>) [gulp]"
    },
    {
      "pc": "0x000000000095ccb3",
      "symbol": "node::OnFatalError(char const*, char const*) [gulp]"
    },
    {
      "pc": "0x0000000000b3dbde",
      "symbol": "v8::Utils::ReportOOMFailure(v8::internal::Isolate*, char const*, bool) [gulp]"
    },
    {
      "pc": "0x0000000000b3de14",
      "symbol": "v8::internal::V8::FatalProcessOutOfMemory(v8::internal::Isolate*, char const*, bool) [gulp]"
    },
    {
      "pc": "0x0000000000f3ce52",
      "symbol": " [gulp]"
    },
    {
      "pc": "0x0000000000f3cf58",
      "symbol": "v8::internal::Heap::CheckIneffectiveMarkCompact(unsigned long, double) [gulp]"
    },
    {
      "pc": "0x0000000000f49678",
      "symbol": "v8::internal::Heap::PerformGarbageCollection(v8::internal::GarbageCollector, v8::GCCallbackFlags) [gulp]"
    },
    {
      "pc": "0x0000000000f4a18b",
      "symbol": "v8::internal::Heap::CollectGarbage(v8::internal::AllocationSpace, v8::internal::GarbageCollectionReason, v8::GCCallbackFlags) [gulp]"
    },
    {
      "pc": "0x0000000000f4cec1",
      "symbol": "v8::internal::Heap::AllocateRawWithRetryOrFail(int, v8::internal::AllocationSpace, v8::internal::AllocationAlignment) [gulp]"
    },
    {
      "pc": "0x0000000000f170f4",
      "symbol": "v8::internal::Factory::NewFillerObject(int, bool, v8::internal::AllocationSpace) [gulp]"
    },
    {
      "pc": "0x00000000011cd3fe",
      "symbol": "v8::internal::Runtime_AllocateInNewSpace(int, v8::internal::Object**, v8::internal::Isolate*) [gulp]"
    },
    {
      "pc": "0x000025596cacfc5d",
      "symbol": ""
    }
  ],
  "javascriptHeap": {
    "totalMemory": 1493954560,
    "totalCommittedMemory": 1492176208,
    "usedMemory": 1459531824,
    "availableMemory": 34125104,
    "memoryLimit": 1526909922,
    "heapSpaces": {
      "read_only_space": {
        "memorySize": 524288,
        "committedMemory": 42224,
        "capacity": 515584,
        "used": 33520,
        "available": 482064
      },
      "new_space": {
        "memorySize": 2097152,
        "committedMemory": 1299360,
        "capacity": 1031168,
        "used": 233384,
        "available": 797784
      },
      "old_space": {
        "memorySize": 1418399744,
        "committedMemory": 1418195824,
        "capacity": 1389155280,
        "used": 1389073416,
        "available": 81864
      },
      "code_space": {
        "memorySize": 4194304,
        "committedMemory": 4072032,
        "capacity": 3678464,
        "used": 3678464,
        "available": 0
      },
      "map_space": {
        "memorySize": 2633728,
        "committedMemory": 2461424,
        "capacity": 1820960,
        "used": 1820960,
        "available": 0
      },
      "large_object_space": {
        "memorySize": 66105344,
        "committedMemory": 66105344,
        "capacity": 97455472,
        "used": 64692080,
        "available": 32763392
      },
      "new_large_object_space": {
        "memorySize": 0,
        "committedMemory": 0,
        "capacity": 0,
        "used": 0,
        "available": 0
      }
    }
  },
  "resourceUsage": {
    "userCpuSeconds": 370.031,
    "kernelCpuSeconds": 353.578,
    "cpuConsumptionPercent": 15.4518,
    "maxRss": 3417206784,
    "pageFaults": {
      "IORequired": 0,
      "IONotRequired": 3690011
    },
    "fsActivity": {
      "reads": 0,
      "writes": 0
    }
  },
  "uvthreadResourceUsage": {
    "userCpuSeconds": 226.469,
    "kernelCpuSeconds": 42.1719,
    "cpuConsumptionPercent": 5.73651,
    "fsActivity": {
      "reads": 0,
      "writes": 0
    }
  },
  "libuv": [
  ],
  "environmentVariables": {
    "LESSOPEN": "| /usr/bin/lesspipe %s",
    "npm_config_cache_lock_stale": "60000",
    "npm_config_ham_it_up": "",
    "npm_package_devDependencies_babel_core": "^6.26.3",
    "npm_config_legacy_bundling": "",
    "npm_config_sign_git_tag": "",
    "USER": "chrisstehm",
    "npm_package_devDependencies_gulp_imagemin": "^5.0.3",
    "npm_config_user_agent": "npm/6.12.0 node/v11.15.0 linux x64",
    "npm_config_always_auth": "",
    "npm_package_scripts_phpcs": "gulp phpcs",
    "npm_package_devDependencies_ansi_colors": "^1.0.1",
    "npm_package_devDependencies_dateformat": "^3.0.2",
    "npm_package_devDependencies_fancy_log": "^1.3.2",
    "npm_package_devDependencies_gulp_rev": "^8.0.0",
    "npm_package_devDependencies_js_yaml": "^3.13.1",
    "npm_package_bugs_url": "https://github.com/olefredrik/foundationpress/issues",
    "npm_config_bin_links": "true",
    "npm_config_key": "",
    "npm_package_devDependencies_gulp": "^4.0",
    "npm_config_allow_same_version": "",
    "npm_config_description": "true",
    "npm_config_fetch_retries": "2",
    "npm_config_heading": "npm",
    "npm_config_if_present": "",
    "npm_config_init_version": "1.0.0",
    "npm_config_user": "",
    "npm_node_execpath": "/usr/bin/node",
    "SHLVL": "1",
    "npm_package_devDependencies_babel_preset_es2015": "^6.3.13",
    "npm_package_devDependencies_gulp_autoprefixer": "^3.1.0",
    "npm_package_devDependencies_style_sherpa": "^1.0.0",
    "npm_config_prefer_online": "",
    "npm_config_noproxy": "",
    "HOME": "/home/chrisstehm",
    "npm_config_force": "",
    "npm_config_only": "",
    "npm_config_read_only": "",
    "npm_package_devDependencies_panini": "^1.6.3",
    "npm_config_cache_min": "10",
    "npm_config_init_license": "ISC",
    "npm_package_devDependencies_gulp_zip": "^4.0.0",
    "npm_config_editor": "vi",
    "npm_config_rollback": "true",
    "npm_config_tag_version_prefix": "v",
    "npm_package_scripts_phpcbf": "gulp phpcbf",
    "npm_package_devDependencies_rimraf": "^2.4.3",
    "npm_config_cache_max": "Infinity",
    "npm_config_timing": "",
    "npm_config_userconfig": "/home/chrisstehm/.npmrc",
    "npm_package_keywords_0": "FoundationPress",
    "npm_config_engine_strict": "",
    "npm_config_init_author_name": "",
    "npm_config_init_author_url": "",
    "npm_config_preid": "",
    "npm_config_tmp": "/tmp",
    "WSL_DISTRO_NAME": "Ubuntu",
    "npm_package_description": "FoundationPress is a WordPress starter theme based on Foundation 6 by Zurb",
    "npm_package_keywords_1": "WordPress",
    "npm_package_devDependencies_babel_loader": "^7.1.2",
    "npm_config_depth": "Infinity",
    "npm_config_package_lock_only": "",
    "npm_config_save_dev": "",
    "npm_config_usage": "",
    "npm_package_homepage": "https://foundationpress.olefredrik.com",
    "npm_package_keywords_2": "starter theme",
    "npm_package_readmeFilename": "README.md",
    "npm_config_metrics_registry": "https://registry.npmjs.org/",
    "npm_config_cafile": "",
    "npm_config_otp": "",
    "npm_config_package_lock": "true",
    "npm_config_progress": "true",
    "npm_config_https_proxy": "",
    "npm_config_save_prod": "",
    "npm_package_scripts_dev": "gulp build --dev",
    "npm_package_keywords_3": "Foundation",
    "npm_package_devDependencies_gulp_uglify": "^1.2.0",
    "npm_config_audit": "true",
    "npm_config_cidr": "",
    "npm_config_onload_script": "",
    "npm_config_sso_type": "oauth",
    "LOGNAME": "chrisstehm",
    "npm_package_keywords_4": "semantic",
    "npm_package_devDependencies_gulp_load_plugins": "^1.6.0",
    "npm_config_rebuild_bundle": "true",
    "npm_config_save_bundle": "",
    "npm_config_shell": "/bin/bash",
    "NAME": "CRG-XPS-2",
    "_": "/usr/bin/npm",
    "npm_package_keywords_5": "mobile first",
    "npm_package_devDependencies_babel_register": "^6.7.2",
    "npm_package_devDependencies_gulp_babel": "^6.1.2",
    "npm_config_dry_run": "",
    "npm_config_format_package_lock": "true",
    "npm_config_prefix": "/usr",
    "npm_package_keywords_6": "customizable",
    "npm_package_dependencies_what_input": "^4.1.3",
    "npm_package_devDependencies_gulp_phpcs": "^2.1.0",
    "npm_config_scope": "",
    "npm_config_browser": "",
    "npm_config_cache_lock_wait": "10000",
    "npm_config_ignore_prepublish": "",
    "npm_config_registry": "https://registry.npmjs.org/",
    "npm_config_save_optional": "",
    "npm_config_searchopts": "",
    "npm_config_versions": "",
    "TERM": "xterm-256color",
    "npm_package_keywords_7": "responsive",
    "npm_package_dependencies_npm_check": "^5.9.0",
    "npm_package_devDependencies_browser_sync": "^2.26.7",
    "npm_config_cache": "/home/chrisstehm/.npm",
    "npm_config_proxy": "",
    "npm_config_send_metrics": "",
    "npm_package_scripts_start": "gulp",
    "npm_package_devDependencies_gulp_sourcemaps": "^1.6.0",
    "npm_config_global_style": "",
    "npm_config_ignore_scripts": "",
    "npm_config_version": "",
    "npm_config_local_address": "",
    "npm_config_viewer": "man",
    "npm_config_node_gyp": "/usr/lib/node_modules/npm/node_modules/node-gyp/bin/node-gyp.js",
    "PATH": "/usr/lib/node_modules/npm/node_modules/npm-lifecycle/node-gyp-bin:/mnt/c/Users/CRG User Master/Sites/crg_2019/wp-content/themes/CRG_2019/node_modules/.bin:/home/chrisstehm/.local/bin:/usr/local/sbin:/usr/local/bin:/usr/sbin:/usr/bin:/sbin:/bin:/usr/games:/usr/local/games:/mnt/c/Program Files (x86)/Razer Chroma SDK/bin:/mnt/c/Program Files/Razer Chroma SDK/bin:/mnt/c/Program Files (x86)/Razer/ChromaBroadcast/bin:/mnt/c/Program Files/Razer/ChromaBroadcast/bin:/mnt/c/Program Files (x86)/Common Files/Oracle/Java/javapath:/mnt/c/Program Files (x86)/Common Files/Intel/Shared Libraries/redist/intel64/compiler:/mnt/c/Windows/system32:/mnt/c/Windows:/mnt/c/Windows/System32/Wbem:/mnt/c/Windows/System32/WindowsPowerShell/v1.0/:/mnt/c/Windows/System32/OpenSSH/:/mnt/c/Program Files (x86)/NVIDIA Corporation/PhysX/Common:/mnt/c/Program Files/NVIDIA Corporation/NVIDIA NvDLISR:/mnt/c/Program Files/Git/cmd:/mnt/c/Program Files/PuTTY/:/mnt/c/Program Files/LizardTech/GeoExpress/bin:/mnt/c/Program Files/FME/:/mnt/c/Windows/system32/config/systemprofile/AppData/Local/Microsoft/WindowsApps:/mnt/c/wamp64/bin/php/php7.3.1:/mnt/c/WINDOWS/system32:/mnt/c/WINDOWS:/mnt/c/WINDOWS/System32/Wbem:/mnt/c/WINDOWS/System32/WindowsPowerShell/v1.0/:/mnt/c/WINDOWS/System32/OpenSSH/:/mnt/c/Program Files/GDAL:/mnt/c/Program Files/nodejs/:/mnt/c/Program Files (x86)/Intel/Intel(R) Management Engine Components/DAL:/mnt/c/Program Files/Intel/Intel(R) Management Engine Components/DAL:/mnt/c/Program Files (x86)/Razer Chroma SDK/bin:/mnt/c/Program Files/Razer Chroma SDK/bin:/mnt/c/Program Files (x86)/Razer/ChromaBroadcast/bin:/mnt/c/Program Files/Razer/ChromaBroadcast/bin:/mnt/c/Program Files (x86)/Common Files/Oracle/Java/javapath:/mnt/c/Program Files (x86)/Common Files/Intel/Shared Libraries/redist/intel64/compiler:/mnt/c/Windows/system32:/mnt/c/Windows:/mnt/c/Windows/System32/Wbem:/mnt/c/Windows/System32/WindowsPowerShell/v1.0/:/mnt/c/Windows/System32/OpenSSH/:/mnt/c/Program Files (x86)/NVIDIA Corporation/PhysX/Common:/mnt/c/Program Files/NVIDIA Corporation/NVIDIA NvDLISR:/mnt/c/Program Files/Git/cmd:/mnt/c/Program Files/PuTTY/:/mnt/c/Program Files/LizardTech/GeoExpress/bin:/mnt/c/Program Files/FME/:/mnt/c/Windows/system32/config/systemprofile/AppData/Local/Microsoft/WindowsApps:/mnt/c/wamp64/bin/php/php7.3.1:/mnt/c/WINDOWS/system32:/mnt/c/WINDOWS:/mnt/c/WINDOWS/System32/Wbem:/mnt/c/WINDOWS/System32/WindowsPowerShell/v1.0/:/mnt/c/WINDOWS/System32/OpenSSH/:/mnt/c/Program Files (x86)/Intel/Intel(R) Management Engine Components/DAL:/mnt/c/Program Files/Intel/Intel(R) Management Engine Compon:/mnt/c/Users/CRG User Master/AppData/Local/Programs/Microsoft VS Code/bin:/mnt/c/Users/CRG User Master/AppData/Roaming/npm:/snap/bin",
    "npm_package_name": "foundationpress",
    "npm_package_scripts_package": "gulp package --production",
    "npm_package_devDependencies_gulp_cli": "^2.0.1",
    "npm_package_repository_type": "git",
    "npm_config_audit_level": "low",
    "npm_config_prefer_offline": "",
    "NODE": "/usr/bin/node",
    "npm_package_dependencies_motion_ui": "^2.0.3",
    "npm_config_color": "true",
    "npm_config_sign_git_commit": "",
    "npm_config_fetch_retry_mintimeout": "10000",
    "npm_config_maxsockets": "50",
    "npm_config_offline": "",
    "npm_config_sso_poll_frequency": "500",
    "LANG": "C.UTF-8",
    "npm_package_devDependencies_gulp_clean_css": "^4.0.0",
    "npm_package_devDependencies_gulp_phpcbf": "^0.1.2",
    "npm_package_devDependencies_webpack": "^3.10.0",
    "npm_config_umask": "0000",
    "LS_COLORS": "rs=0:di=01;34:ln=01;36:mh=00:pi=40;33:so=01;35:do=01;35:bd=40;33;01:cd=40;33;01:or=40;31;01:mi=00:su=37;41:sg=30;43:ca=30;41:tw=30;42:ow=34;42:st=37;44:ex=01;32:*.tar=01;31:*.tgz=01;31:*.arc=01;31:*.arj=01;31:*.taz=01;31:*.lha=01;31:*.lz4=01;31:*.lzh=01;31:*.lzma=01;31:*.tlz=01;31:*.txz=01;31:*.tzo=01;31:*.t7z=01;31:*.zip=01;31:*.z=01;31:*.Z=01;31:*.dz=01;31:*.gz=01;31:*.lrz=01;31:*.lz=01;31:*.lzo=01;31:*.xz=01;31:*.zst=01;31:*.tzst=01;31:*.bz2=01;31:*.bz=01;31:*.tbz=01;31:*.tbz2=01;31:*.tz=01;31:*.deb=01;31:*.rpm=01;31:*.jar=01;31:*.war=01;31:*.ear=01;31:*.sar=01;31:*.rar=01;31:*.alz=01;31:*.ace=01;31:*.zoo=01;31:*.cpio=01;31:*.7z=01;31:*.rz=01;31:*.cab=01;31:*.wim=01;31:*.swm=01;31:*.dwm=01;31:*.esd=01;31:*.jpg=01;35:*.jpeg=01;35:*.mjpg=01;35:*.mjpeg=01;35:*.gif=01;35:*.bmp=01;35:*.pbm=01;35:*.pgm=01;35:*.ppm=01;35:*.tga=01;35:*.xbm=01;35:*.xpm=01;35:*.tif=01;35:*.tiff=01;35:*.png=01;35:*.svg=01;35:*.svgz=01;35:*.mng=01;35:*.pcx=01;35:*.mov=01;35:*.mpg=01;35:*.mpeg=01;35:*.m2v=01;35:*.mkv=01;35:*.webm=01;35:*.ogm=01;35:*.mp4=01;35:*.m4v=01;35:*.mp4v=01;35:*.vob=01;35:*.qt=01;35:*.nuv=01;35:*.wmv=01;35:*.asf=01;35:*.rm=01;35:*.rmvb=01;35:*.flc=01;35:*.avi=01;35:*.fli=01;35:*.flv=01;35:*.gl=01;35:*.dl=01;35:*.xcf=01;35:*.xwd=01;35:*.yuv=01;35:*.cgm=01;35:*.emf=01;35:*.ogv=01;35:*.ogx=01;35:*.aac=00;36:*.au=00;36:*.flac=00;36:*.m4a=00;36:*.mid=00;36:*.midi=00;36:*.mka=00;36:*.mp3=00;36:*.mpc=00;36:*.ogg=00;36:*.ra=00;36:*.wav=00;36:*.oga=00;36:*.opus=00;36:*.spx=00;36:*.xspf=00;36:",
    "npm_package_main": "gulpfile.babel.js",
    "npm_package_gitHead": "e8c814cc39b0db58fcba138deb75def278e2b213",
    "npm_config_fetch_retry_maxtimeout": "60000",
    "npm_config_loglevel": "notice",
    "npm_config_logs_max": "10",
    "npm_config_message": "%s",
    "npm_lifecycle_script": "gulp",
    "npm_package_babel_presets_0": "es2015",
    "npm_config_ca": "",
    "npm_config_cert": "",
    "npm_config_global": "",
    "npm_config_link": "",
    "SHELL": "/bin/bash",
    "npm_package_version": "2.10.6",
    "npm_package_dependencies_jquery": "^3.4.1",
    "npm_package_repository_url": "git+https://github.com/olefredrik/foundationpress.git",
    "npm_config_access": "",
    "npm_config_also": "",
    "npm_config_save": "true",
    "npm_config_unicode": "true",
    "npm_lifecycle_event": "start",
    "npm_package_scripts_build": "gulp build --production",
    "npm_package_dependencies_foundation_sites": "6.5.1",
    "npm_package_dependencies_objectFitPolyfill": "^2.3.0",
    "npm_config_argv": "{\"remain\":[],\"cooked\":[\"start\"],\"original\":[\"start\"]}",
    "npm_config_before": "",
    "npm_config_long": "",
    "npm_config_production": "",
    "npm_config_searchlimit": "20",
    "npm_config_unsafe_perm": "true",
    "npm_config_update_notifier": "true",
    "LESSCLOSE": "/usr/bin/lesspipe %s %s",
    "npm_package_devDependencies_gulp_concat": "^2.5.2",
    "npm_config_auth_type": "legacy",
    "npm_config_node_version": "11.15.0",
    "npm_config_tag": "latest",
    "npm_package_devDependencies_webpack_stream": "^4.0.0",
    "npm_config_git_tag_version": "true",
    "npm_config_commit_hooks": "true",
    "npm_config_script_shell": "",
    "npm_config_shrinkwrap": "true",
    "npm_package_license": "MIT",
    "npm_config_fetch_retry_factor": "10",
    "npm_config_save_exact": "",
    "npm_config_strict_ssl": "true",
    "npm_config_dev": "",
    "npm_config_globalconfig": "/usr/etc/npmrc",
    "npm_config_init_module": "/home/chrisstehm/.npm-init.js",
    "npm_config_parseable": "",
    "PWD": "/mnt/c/Users/CRG User Master/Sites/crg_2019/wp-content/themes/CRG_2019",
    "npm_package_title": "FoundationPress",
    "npm_package_devDependencies_gulp_if": "^2.0.0",
    "npm_config_globalignorefile": "/usr/etc/npmignore",
    "npm_execpath": "/usr/lib/node_modules/npm/bin/npm-cli.js",
    "XDG_DATA_DIRS": "/usr/local/share:/usr/share:/var/lib/snapd/desktop",
    "npm_package_devDependencies_gulp_extname": "^0.2.0",
    "npm_package_devDependencies_gulp_sass": "^3.1.0",
    "npm_config_cache_lock_retries": "10",
    "npm_config_searchstaleness": "900",
    "npm_config_node_options": "",
    "npm_config_save_prefix": "^",
    "npm_config_scripts_prepend_node_path": "warn-only",
    "npm_package_devDependencies_vinyl_named": "^1.1.0",
    "npm_package_devDependencies_yargs": "^3.8.0",
    "npm_config_group": "1000",
    "npm_config_init_author_email": "",
    "npm_config_searchexclude": "",
    "HOSTTYPE": "x86_64",
    "npm_package_dependencies_object_fit_images": "^3.2.4",
    "npm_config_git": "git",
    "npm_config_optional": "true",
    "WSLENV": "",
    "npm_config_json": "",
    "INIT_CWD": "/mnt/c/Users/CRG User Master/Sites/crg_2019/wp-content/themes/CRG_2019"
  },
  "userLimits": {
    "core_file_size_blocks": {
      "soft": 0,
      "hard": "unlimited"
    },
    "data_seg_size_kbytes": {
      "soft": "unlimited",
      "hard": "unlimited"
    },
    "file_size_blocks": {
      "soft": "unlimited",
      "hard": "unlimited"
    },
    "max_locked_memory_bytes": {
      "soft": 65536,
      "hard": 65536
    },
    "max_memory_size_kbytes": {
      "soft": "unlimited",
      "hard": "unlimited"
    },
    "open_files": {
      "soft": 65536,
      "hard": 65536
    },
    "stack_size_bytes": {
      "soft": 8388608,
      "hard": 8388608
    },
    "cpu_time_seconds": {
      "soft": "unlimited",
      "hard": "unlimited"
    },
    "max_user_processes": {
      "soft": 7823,
      "hard": 7823
    },
    "virtual_memory_kbytes": {
      "soft": "unlimited",
      "hard": "unlimited"
    }
  },
  "sharedObjects": [
    "linux-vdso.so.1",
    "/lib/x86_64-linux-gnu/libdl.so.2",
    "/lib/x86_64-linux-gnu/librt.so.1",
    "/usr/lib/x86_64-linux-gnu/libstdc++.so.6",
    "/lib/x86_64-linux-gnu/libm.so.6",
    "/lib/x86_64-linux-gnu/libgcc_s.so.1",
    "/lib/x86_64-linux-gnu/libpthread.so.0",
    "/lib/x86_64-linux-gnu/libc.so.6",
    "/lib64/ld-linux-x86-64.so.2",
    "/mnt/c/Users/CRG User Master/Sites/crg_2019/wp-content/themes/CRG_2019/node_modules/node-sass/vendor/linux-x64-67/binding.node",
    "/lib/x86_64-linux-gnu/libnss_files.so.2"
  ]
}